Product ID,Main Category,Main Category Image,Sub-Category 1,Sub-Category 1 Image,Sub-Category 2,Sub-Category 2 Image,Sub-Category 3,Sub-Category 3 Image,Product Name (French),Product Name (Arabic),Product Image,Unit / Packaging,Price (MAD),TVA,Description
1,Traiteur salé,https://upload.wikimedia.org/wikipedia/commons/5/51/Pastilla_au_poulet.jpg,Salés surgelés,https://upload.wikimedia.org/wikipedia/commons/6/6d/Briouat_%28cropped%29.jpg,Mini-pastillas,https://upload.wikimedia.org/wikipedia/commons/5/51/Pastilla_au_poulet.jpg,,,10 mini-pastillas aux fruits de mer,10 ميني بسطيلات بفواكه البحر,https://upload.wikimedia.org/wikipedia/commons/f/f5/Fish_pastilla%2C_Beni_Mellal%2C_Morocco.jpg,Boîte de 10,70.00,10%,10 mini-pastillas aux fruits de mer. Produit issu du catalogue fourni.
2,Traiteur salé,https://upload.wikimedia.org/wikipedia/commons/5/51/Pastilla_au_poulet.jpg,Salés surgelés,https://upload.wikimedia.org/wikipedia/commons/6/6d/Briouat_%28cropped%29.jpg,Mini-pastillas,https://upload.wikimedia.org/wikipedia/commons/5/51/Pastilla_au_poulet.jpg,,,10 mini-pastillas poulet-amandes,10 ميني بسطيلات بالدجاج واللوز,https://upload.wikimedia.org/wikipedia/commons/5/51/Pastilla_au_poulet.jpg,Boîte de 10,70.00,10%,10 mini-pastillas poulet-amandes. Produit issu du catalogue fourni.
4,Traiteur salé,https://upload.wikimedia.org/wikipedia/commons/5/51/Pastilla_au_poulet.jpg,Salés surgelés,https://upload.wikimedia.org/wikipedia/commons/6/6d/Briouat_%28cropped%29.jpg,Mini-pastillas,https://upload.wikimedia.org/wikipedia/commons/5/51/Pastilla_au_poulet.jpg,,,10 mini-pastillas saumon fumé-épinards,10 ميني بسطيلات بالسلمون المدخن والسبانخ,https://upload.wikimedia.org/wikipedia/commons/f/f5/Fish_pastilla%2C_Beni_Mellal%2C_Morocco.jpg,Boîte de 10,100.00,10%,10 mini-pastillas saumon fumé-épinards. Produit issu du catalogue fourni.
7,Traiteur salé,https://upload.wikimedia.org/wikipedia/commons/5/51/Pastilla_au_poulet.jpg,Salés surgelés,https://upload.wikimedia.org/wikipedia/commons/6/6d/Briouat_%28cropped%29.jpg,Pastillas moyennes,https://upload.wikimedia.org/wikipedia/commons/5/51/Pastilla_au_poulet.jpg,,,5 pastillas moyennes poulet-amandes,5 بسطيلات متوسطة بالدجاج واللوز,https://upload.wikimedia.org/wikipedia/commons/5/51/Pastilla_au_poulet.jpg,Boîte de 5,75.00,10%,5 pastillas moyennes poulet-amandes. Produit issu du catalogue fourni.
8,Traiteur salé,https://upload.wikimedia.org/wikipedia/commons/5/51/Pastilla_au_poulet.jpg,Salés surgelés,https://upload.wikimedia.org/wikipedia/commons/6/6d/Briouat_%28cropped%29.jpg,Pastillas moyennes,https://upload.wikimedia.org/wikipedia/commons/5/51/Pastilla_au_poulet.jpg,,,5 pastillas moyennes aux fruits de mer,5 بسطيلات متوسطة بفواكه البحر,https://upload.wikimedia.org/wikipedia/commons/f/f5/Fish_pastilla%2C_Beni_Mellal%2C_Morocco.jpg,Boîte de 5,100.00,10%,5 pastillas moyennes aux fruits de mer. Produit issu du catalogue fourni.
11,Traiteur salé,https://upload.wikimedia.org/wikipedia/commons/5/51/Pastilla_au_poulet.jpg,Salés surgelés,https://upload.wikimedia.org/wikipedia/commons/6/6d/Briouat_%28cropped%29.jpg,Nems,https://upload.wikimedia.org/wikipedia/commons/b/ba/Cu%E1%BB%91n_nem_r%C3%A1n_%28%C4%91a_nem%29_2_%282%29.JPG,,,10 nems asiatiques au poulet,10 لفائف نيم آسيوية بالدجاج,https://upload.wikimedia.org/wikipedia/commons/b/ba/Cu%E1%BB%91n_nem_r%C3%A1n_%28%C4%91a_nem%29_2_%282%29.JPG,Boîte de 10,80.00,10%,10 nems asiatiques au poulet. Produit issu du catalogue fourni.
14,Traiteur salé,https://upload.wikimedia.org/wikipedia/commons/5/51/Pastilla_au_poulet.jpg,Salés surgelés,https://upload.wikimedia.org/wikipedia/commons/6/6d/Briouat_%28cropped%29.jpg,Briouates,https://upload.wikimedia.org/wikipedia/commons/6/6d/Briouat_%28cropped%29.jpg,,,10 briouates aux légumes,10 بريوات بالخضر,https://upload.wikimedia.org/wikipedia/commons/6/6d/Briouat_%28cropped%29.jpg,Boîte de 10,60.00,10%,10 briouates aux légumes. Produit issu du catalogue fourni.
16,Traiteur salé,https://upload.wikimedia.org/wikipedia/commons/5/51/Pastilla_au_poulet.jpg,Salés surgelés,https://upload.wikimedia.org/wikipedia/commons/6/6d/Briouat_%28cropped%29.jpg,Briouates,https://upload.wikimedia.org/wikipedia/commons/6/6d/Briouat_%28cropped%29.jpg,,,10 briouates crevettes-fromage-épinards,10 بريوات بالقمرون والجبن والسبانخ,https://upload.wikimedia.org/wikipedia/commons/6/6d/Briouat_%28cropped%29.jpg,Boîte de 10,80.00,10%,10 briouates crevettes-fromage-épinards. Produit issu du catalogue fourni.
21,Traiteur salé,https://upload.wikimedia.org/wikipedia/commons/5/51/Pastilla_au_poulet.jpg,Salés surgelés,https://upload.wikimedia.org/wikipedia/commons/6/6d/Briouat_%28cropped%29.jpg,Cigares,https://upload.wikimedia.org/wikipedia/commons/5/52/Dost_Evi_Sigara_B%C3%B6re%C4%9Fi_-_panoramio.jpg,,,10 cigares fromage-épinards,10 سيكار بالجبن والسبانخ,https://upload.wikimedia.org/wikipedia/commons/5/52/Dost_Evi_Sigara_B%C3%B6re%C4%9Fi_-_panoramio.jpg,Boîte de 10,70.00,10%,10 cigares fromage-épinards. Produit issu du catalogue fourni.
27,Traiteur salé,https://upload.wikimedia.org/wikipedia/commons/5/51/Pastilla_au_poulet.jpg,Salés surgelés,https://upload.wikimedia.org/wikipedia/commons/6/6d/Briouat_%28cropped%29.jpg,Mini-pizzas,https://upload.wikimedia.org/wikipedia/commons/7/7b/Caprese_Mini_Pizza_with_green_salad.jpg,,,10 mini-pizzas au thon,10 ميني بيتزا بالتونة,https://upload.wikimedia.org/wikipedia/commons/7/7b/Caprese_Mini_Pizza_with_green_salad.jpg,Boîte de 10,60.00,10%,10 mini-pizzas au thon. Produit issu du catalogue fourni.
29,Traiteur salé,https://upload.wikimedia.org/wikipedia/commons/5/51/Pastilla_au_poulet.jpg,Salés surgelés,https://upload.wikimedia.org/wikipedia/commons/6/6d/Briouat_%28cropped%29.jpg,Mini-quiches,https://upload.wikimedia.org/wikipedia/commons/4/49/At_College_Court%2C_University_of_Leicester_2024_06.jpg,,,10 mini-quiches crevettes-épinards,10 ميني كيش بالقمرون والسبانخ,https://upload.wikimedia.org/wikipedia/commons/4/49/At_College_Court%2C_University_of_Leicester_2024_06.jpg,Boîte de 10,80.00,10%,10 mini-quiches crevettes-épinards. Produit issu du catalogue fourni.
30,Traiteur salé,https://upload.wikimedia.org/wikipedia/commons/5/51/Pastilla_au_poulet.jpg,Salés surgelés,https://upload.wikimedia.org/wikipedia/commons/6/6d/Briouat_%28cropped%29.jpg,Mini-quiches,https://upload.wikimedia.org/wikipedia/commons/4/49/At_College_Court%2C_University_of_Leicester_2024_06.jpg,,,10 mini-quiches poulet-fromage,10 ميني كيش بالدجاج والجبن,https://upload.wikimedia.org/wikipedia/commons/4/49/At_College_Court%2C_University_of_Leicester_2024_06.jpg,Boîte de 10,70.00,10%,10 mini-quiches poulet-fromage. Produit issu du catalogue fourni.
45,Viennoiserie,https://upload.wikimedia.org/wikipedia/commons/b/b7/168_Petit-d%C3%A9jeuner_%C3%A0_l%27H%C3%B4tel_Lomipeau_%2836686208780%29.jpg,Viennoiseries classiques,https://upload.wikimedia.org/wikipedia/commons/5/5f/Pain_au_chocolat_Luc_Viatour.jpg,Grand format,https://upload.wikimedia.org/wikipedia/commons/5/5f/Pain_au_chocolat_Luc_Viatour.jpg,,,Pain au chocolat grand,خبزة شوكولاتة كبيرة,https://upload.wikimedia.org/wikipedia/commons/5/5f/Pain_au_chocolat_Luc_Viatour.jpg,Pièce,5.00,10%,Pain au chocolat grand. Produit issu du catalogue fourni.
46,Viennoiserie,https://upload.wikimedia.org/wikipedia/commons/b/b7/168_Petit-d%C3%A9jeuner_%C3%A0_l%27H%C3%B4tel_Lomipeau_%2836686208780%29.jpg,Mini-viennoiseries,https://upload.wikimedia.org/wikipedia/commons/b/b7/168_Petit-d%C3%A9jeuner_%C3%A0_l%27H%C3%B4tel_Lomipeau_%2836686208780%29.jpg,Petit format,https://upload.wikimedia.org/wikipedia/commons/b/b7/168_Petit-d%C3%A9jeuner_%C3%A0_l%27H%C3%B4tel_Lomipeau_%2836686208780%29.jpg,,,Mini pain au chocolat,ميني خبزة بالشوكولاتة,https://upload.wikimedia.org/wikipedia/commons/5/5f/Pain_au_chocolat_Luc_Viatour.jpg,Pièce,3.00,10%,Mini pain au chocolat. Produit issu du catalogue fourni.
47,Viennoiserie,https://upload.wikimedia.org/wikipedia/commons/b/b7/168_Petit-d%C3%A9jeuner_%C3%A0_l%27H%C3%B4tel_Lomipeau_%2836686208780%29.jpg,Viennoiseries classiques,https://upload.wikimedia.org/wikipedia/commons/5/5f/Pain_au_chocolat_Luc_Viatour.jpg,Grand format,https://upload.wikimedia.org/wikipedia/commons/5/5f/Pain_au_chocolat_Luc_Viatour.jpg,,,Croissant simple,كرواسون عادي,https://upload.wikimedia.org/wikipedia/commons/b/b7/168_Petit-d%C3%A9jeuner_%C3%A0_l%27H%C3%B4tel_Lomipeau_%2836686208780%29.jpg,Pièce,6.00,10%,Croissant simple. Produit issu du catalogue fourni.
48,Viennoiserie,https://upload.wikimedia.org/wikipedia/commons/b/b7/168_Petit-d%C3%A9jeuner_%C3%A0_l%27H%C3%B4tel_Lomipeau_%2836686208780%29.jpg,Mini-viennoiseries,https://upload.wikimedia.org/wikipedia/commons/b/b7/168_Petit-d%C3%A9jeuner_%C3%A0_l%27H%C3%B4tel_Lomipeau_%2836686208780%29.jpg,Petit format,https://upload.wikimedia.org/wikipedia/commons/b/b7/168_Petit-d%C3%A9jeuner_%C3%A0_l%27H%C3%B4tel_Lomipeau_%2836686208780%29.jpg,,,Mini croissant simple,ميني كرواسون عادي,https://upload.wikimedia.org/wikipedia/commons/b/b7/168_Petit-d%C3%A9jeuner_%C3%A0_l%27H%C3%B4tel_Lomipeau_%2836686208780%29.jpg,Pièce,3.00,10%,Mini croissant simple. Produit issu du catalogue fourni.
49,Viennoiserie,https://upload.wikimedia.org/wikipedia/commons/b/b7/168_Petit-d%C3%A9jeuner_%C3%A0_l%27H%C3%B4tel_Lomipeau_%2836686208780%29.jpg,Viennoiseries classiques,https://upload.wikimedia.org/wikipedia/commons/5/5f/Pain_au_chocolat_Luc_Viatour.jpg,Grand format,https://upload.wikimedia.org/wikipedia/commons/5/5f/Pain_au_chocolat_Luc_Viatour.jpg,,,Pain suisse au chocolat,خبزة سويسرية بالشوكولاتة,https://upload.wikimedia.org/wikipedia/commons/b/bf/Brioche_suisse.jpg,Pièce,6.00,10%,Pain suisse au chocolat. Produit issu du catalogue fourni.
50,Viennoiserie,https://upload.wikimedia.org/wikipedia/commons/b/b7/168_Petit-d%C3%A9jeuner_%C3%A0_l%27H%C3%B4tel_Lomipeau_%2836686208780%29.jpg,Mini-viennoiseries,https://upload.wikimedia.org/wikipedia/commons/b/b7/168_Petit-d%C3%A9jeuner_%C3%A0_l%27H%C3%B4tel_Lomipeau_%2836686208780%29.jpg,Petit format,https://upload.wikimedia.org/wikipedia/commons/b/b7/168_Petit-d%C3%A9jeuner_%C3%A0_l%27H%C3%B4tel_Lomipeau_%2836686208780%29.jpg,,,Mini pain suisse au chocolat,ميني خبزة سويسرية بالشوكولاتة,https://upload.wikimedia.org/wikipedia/commons/b/bf/Brioche_suisse.jpg,Pièce,3.00,10%,Mini pain suisse au chocolat. Produit issu du catalogue fourni.
51,Viennoiserie,https://upload.wikimedia.org/wikipedia/commons/b/b7/168_Petit-d%C3%A9jeuner_%C3%A0_l%27H%C3%B4tel_Lomipeau_%2836686208780%29.jpg,Viennoiseries classiques,https://upload.wikimedia.org/wikipedia/commons/5/5f/Pain_au_chocolat_Luc_Viatour.jpg,Grand format,https://upload.wikimedia.org/wikipedia/commons/5/5f/Pain_au_chocolat_Luc_Viatour.jpg,,,Pain suisse à la vanille,خبزة سويسرية بالفانيلا,https://upload.wikimedia.org/wikipedia/commons/b/bf/Brioche_suisse.jpg,Pièce,6.00,10%,Pain suisse à la vanille. Produit issu du catalogue fourni.
52,Viennoiserie,https://upload.wikimedia.org/wikipedia/commons/b/b7/168_Petit-d%C3%A9jeuner_%C3%A0_l%27H%C3%B4tel_Lomipeau_%2836686208780%29.jpg,Mini-viennoiseries,https://upload.wikimedia.org/wikipedia/commons/b/b7/168_Petit-d%C3%A9jeuner_%C3%A0_l%27H%C3%B4tel_Lomipeau_%2836686208780%29.jpg,Petit format,https://upload.wikimedia.org/wikipedia/commons/b/b7/168_Petit-d%C3%A9jeuner_%C3%A0_l%27H%C3%B4tel_Lomipeau_%2836686208780%29.jpg,,,Mini pain suisse à la vanille,ميني خبزة سويسرية بالفانيلا,https://upload.wikimedia.org/wikipedia/commons/b/bf/Brioche_suisse.jpg,Pièce,3.00,10%,Mini pain suisse à la vanille. Produit issu du catalogue fourni.
53,Viennoiserie,https://upload.wikimedia.org/wikipedia/commons/b/b7/168_Petit-d%C3%A9jeuner_%C3%A0_l%27H%C3%B4tel_Lomipeau_%2836686208780%29.jpg,Viennoiseries fourrées,https://upload.wikimedia.org/wikipedia/commons/0/0a/Almond_Croissant_-_Caff%C3%A8_Nero_2026-05-28.jpg,Grand format,https://upload.wikimedia.org/wikipedia/commons/0/0a/Almond_Croissant_-_Caff%C3%A8_Nero_2026-05-28.jpg,,,Croissant fourré,كرواسون محشو,https://upload.wikimedia.org/wikipedia/commons/0/0a/Almond_Croissant_-_Caff%C3%A8_Nero_2026-05-28.jpg,Pièce,7.00,10%,Croissant fourré. Produit issu du catalogue fourni.
54,Viennoiserie,https://upload.wikimedia.org/wikipedia/commons/b/b7/168_Petit-d%C3%A9jeuner_%C3%A0_l%27H%C3%B4tel_Lomipeau_%2836686208780%29.jpg,Mini-viennoiseries,https://upload.wikimedia.org/wikipedia/commons/b/b7/168_Petit-d%C3%A9jeuner_%C3%A0_l%27H%C3%B4tel_Lomipeau_%2836686208780%29.jpg,Fourré,https://upload.wikimedia.org/wikipedia/commons/0/0a/Almond_Croissant_-_Caff%C3%A8_Nero_2026-05-28.jpg,,,Mini croissant fourré,ميني كرواسون محشو,https://upload.wikimedia.org/wikipedia/commons/0/0a/Almond_Croissant_-_Caff%C3%A8_Nero_2026-05-28.jpg,Pièce,4.00,10%,Mini croissant fourré. Produit issu du catalogue fourni.
61,Boulangerie,https://upload.wikimedia.org/wikipedia/commons/f/f5/Baguettes_-_stonesoup.jpg,Pains,https://upload.wikimedia.org/wikipedia/commons/8/87/KHOBZ_EDDAR_%283308926820%29.jpg,Semoule,https://upload.wikimedia.org/wikipedia/commons/8/87/KHOBZ_EDDAR_%283308926820%29.jpg,,,Pain à la semoule,خبز بالسميد,https://upload.wikimedia.org/wikipedia/commons/8/87/KHOBZ_EDDAR_%283308926820%29.jpg,Pièce,2.50,10%,Pain à la semoule. Produit issu du catalogue fourni.
62,Boulangerie,https://upload.wikimedia.org/wikipedia/commons/f/f5/Baguettes_-_stonesoup.jpg,Pains,https://upload.wikimedia.org/wikipedia/commons/8/87/KHOBZ_EDDAR_%283308926820%29.jpg,Complet,https://upload.wikimedia.org/wikipedia/commons/6/6d/Freshippo_whole_wheat_soft_bread.jpg,,,Pain complet,خبز كامل,https://upload.wikimedia.org/wikipedia/commons/6/6d/Freshippo_whole_wheat_soft_bread.jpg,Pièce,2.50,10%,Pain complet. Produit issu du catalogue fourni.
63,Boulangerie,https://upload.wikimedia.org/wikipedia/commons/f/f5/Baguettes_-_stonesoup.jpg,Pains,https://upload.wikimedia.org/wikipedia/commons/8/87/KHOBZ_EDDAR_%283308926820%29.jpg,Sans sel,https://upload.wikimedia.org/wikipedia/commons/8/87/KHOBZ_EDDAR_%283308926820%29.jpg,,,Pain sans sel,خبز بدون ملح,https://upload.wikimedia.org/wikipedia/commons/8/87/KHOBZ_EDDAR_%283308926820%29.jpg,Pièce,2.50,10%,Pain sans sel. Produit issu du catalogue fourni.
64,Boulangerie,https://upload.wikimedia.org/wikipedia/commons/f/f5/Baguettes_-_stonesoup.jpg,Pains,https://upload.wikimedia.org/wikipedia/commons/8/87/KHOBZ_EDDAR_%283308926820%29.jpg,Orge,https://upload.wikimedia.org/wikipedia/commons/f/f2/Barley_bread.png,,,Pain d’orge,خبز الشعير,https://upload.wikimedia.org/wikipedia/commons/f/f2/Barley_bread.png,Pièce,2.50,10%,Pain d’orge. Produit issu du catalogue fourni.
65,Boulangerie,https://upload.wikimedia.org/wikipedia/commons/f/f5/Baguettes_-_stonesoup.jpg,Baguettes,https://upload.wikimedia.org/wikipedia/commons/f/f5/Baguettes_-_stonesoup.jpg,Semoule,https://upload.wikimedia.org/wikipedia/commons/1/12/Baguette_mie.jpg,,,Baguette à la semoule,باغيت بالسميد,https://upload.wikimedia.org/wikipedia/commons/1/12/Baguette_mie.jpg,Pièce,4.00,10%,Baguette à la semoule. Produit issu du catalogue fourni.
66,Boulangerie,https://upload.wikimedia.org/wikipedia/commons/f/f5/Baguettes_-_stonesoup.jpg,Baguettes,https://upload.wikimedia.org/wikipedia/commons/f/f5/Baguettes_-_stonesoup.jpg,Complet,https://upload.wikimedia.org/wikipedia/commons/6/6d/Freshippo_whole_wheat_soft_bread.jpg,,,Baguette complète,باغيت كاملة,https://upload.wikimedia.org/wikipedia/commons/6/6d/Freshippo_whole_wheat_soft_bread.jpg,Pièce,4.00,10%,Baguette complète. Produit issu du catalogue fourni.
67,Boulangerie,https://upload.wikimedia.org/wikipedia/commons/f/f5/Baguettes_-_stonesoup.jpg,Baguettes,https://upload.wikimedia.org/wikipedia/commons/f/f5/Baguettes_-_stonesoup.jpg,Classique,https://upload.wikimedia.org/wikipedia/commons/f/f5/Baguettes_-_stonesoup.jpg,,,Baguette classique,باغيت عادية,https://upload.wikimedia.org/wikipedia/commons/f/f5/Baguettes_-_stonesoup.jpg,Pièce,1.50,10%,Baguette classique. Produit issu du catalogue fourni.
68,Boulangerie,https://upload.wikimedia.org/wikipedia/commons/f/f5/Baguettes_-_stonesoup.jpg,Baguettes,https://upload.wikimedia.org/wikipedia/commons/f/f5/Baguettes_-_stonesoup.jpg,Spéciale,https://upload.wikimedia.org/wikipedia/commons/1/12/Baguette_mie.jpg,,,Baguette spéciale,باغيت خاصة,https://upload.wikimedia.org/wikipedia/commons/1/12/Baguette_mie.jpg,Pièce,8.00,10%,Baguette spéciale. Produit issu du catalogue fourni.
69,Pâtisserie & gâteaux,https://upload.wikimedia.org/wikipedia/commons/2/28/Birthday_Opera_Cake_%284202808948%29.jpg,Pâtisseries individuelles,https://upload.wikimedia.org/wikipedia/commons/2/28/Birthday_Opera_Cake_%284202808948%29.jpg,Chocolat,https://upload.wikimedia.org/wikipedia/commons/a/a3/Fondant-chocolat-p1040089.jpg,,,Melt chocolat,ميلت بالشوكولاتة,https://upload.wikimedia.org/wikipedia/commons/a/a3/Fondant-chocolat-p1040089.jpg,Pièce,22.00,10%,Melt chocolat. Produit issu du catalogue fourni.
70,Pâtisserie & gâteaux,https://upload.wikimedia.org/wikipedia/commons/2/28/Birthday_Opera_Cake_%284202808948%29.jpg,Pâtisseries individuelles,https://upload.wikimedia.org/wikipedia/commons/2/28/Birthday_Opera_Cake_%284202808948%29.jpg,Création maison,https://upload.wikimedia.org/wikipedia/commons/3/34/2024-02-10_Royal_Praline_at_Restaurant_Uri_Buri_in_Acre_anagoria.jpg,,,Linea,لينا,https://upload.wikimedia.org/wikipedia/commons/3/34/2024-02-10_Royal_Praline_at_Restaurant_Uri_Buri_in_Acre_anagoria.jpg,Pièce,23.00,10%,Linea. Produit issu du catalogue fourni.
71,Pâtisserie & gâteaux,https://upload.wikimedia.org/wikipedia/commons/2/28/Birthday_Opera_Cake_%284202808948%29.jpg,Pâtisseries individuelles,https://upload.wikimedia.org/wikipedia/commons/2/28/Birthday_Opera_Cake_%284202808948%29.jpg,Chocolat-framboise,https://upload.wikimedia.org/wikipedia/commons/f/fa/Original_Sacher-Torte_%C2%A9Hotel_Sacher.jpg,,,Sacher framboise,ساخر بالتوت,https://upload.wikimedia.org/wikipedia/commons/f/fa/Original_Sacher-Torte_%C2%A9Hotel_Sacher.jpg,Pièce,24.00,10%,Sacher framboise. Produit issu du catalogue fourni.
72,Pâtisserie & gâteaux,https://upload.wikimedia.org/wikipedia/commons/2/28/Birthday_Opera_Cake_%284202808948%29.jpg,Pâtisseries individuelles,https://upload.wikimedia.org/wikipedia/commons/2/28/Birthday_Opera_Cake_%284202808948%29.jpg,Feuilleté,https://upload.wikimedia.org/wikipedia/commons/6/6b/Mille-feuille_20100916.jpg,,,Mille-feuille praliné,ميل فوي بالبراليني,https://upload.wikimedia.org/wikipedia/commons/6/6b/Mille-feuille_20100916.jpg,Pièce,18.00,10%,Mille-feuille praliné. Produit issu du catalogue fourni.
73,Pâtisserie & gâteaux,https://upload.wikimedia.org/wikipedia/commons/2/28/Birthday_Opera_Cake_%284202808948%29.jpg,Pâtisseries individuelles,https://upload.wikimedia.org/wikipedia/commons/2/28/Birthday_Opera_Cake_%284202808948%29.jpg,Chocolat-café,https://upload.wikimedia.org/wikipedia/commons/2/28/Birthday_Opera_Cake_%284202808948%29.jpg,,,Opéra,أوبرا,https://upload.wikimedia.org/wikipedia/commons/2/28/Birthday_Opera_Cake_%284202808948%29.jpg,Pièce,21.00,10%,Opéra. Produit issu du catalogue fourni.
74,Pâtisserie & gâteaux,https://upload.wikimedia.org/wikipedia/commons/2/28/Birthday_Opera_Cake_%284202808948%29.jpg,Tartes individuelles,https://upload.wikimedia.org/wikipedia/commons/8/8e/Bread_Fairy-_Lemon_Tarts_03.jpg,Citron,https://upload.wikimedia.org/wikipedia/commons/8/8e/Bread_Fairy-_Lemon_Tarts_03.jpg,,,Tarte au citron,طرطة بالليمون,https://upload.wikimedia.org/wikipedia/commons/8/8e/Bread_Fairy-_Lemon_Tarts_03.jpg,Pièce,16.00,10%,Tarte au citron. Produit issu du catalogue fourni.
75,Pâtisserie & gâteaux,https://upload.wikimedia.org/wikipedia/commons/2/28/Birthday_Opera_Cake_%284202808948%29.jpg,Pâtisseries individuelles,https://upload.wikimedia.org/wikipedia/commons/2/28/Birthday_Opera_Cake_%284202808948%29.jpg,Création maison,https://upload.wikimedia.org/wikipedia/commons/3/34/2024-02-10_Royal_Praline_at_Restaurant_Uri_Buri_in_Acre_anagoria.jpg,,,Mont-d’Or,مون دور,https://upload.wikimedia.org/wikipedia/commons/3/34/2024-02-10_Royal_Praline_at_Restaurant_Uri_Buri_in_Acre_anagoria.jpg,Pièce,23.00,10%,Mont-d’Or. Produit issu du catalogue fourni.
76,Pâtisserie & gâteaux,https://upload.wikimedia.org/wikipedia/commons/2/28/Birthday_Opera_Cake_%284202808948%29.jpg,Trompe-l’œil,https://upload.wikimedia.org/wikipedia/commons/d/d2/Desserts_at_Coquette_Patisserie%2C_Cleveland_%2812037767225%29.jpg,Framboise,https://upload.wikimedia.org/wikipedia/commons/7/78/Blackberry_and_raspberry_tart%2C_September_2006.jpg,,,Trompe-l’œil framboise,حلوى بشكل توت,https://upload.wikimedia.org/wikipedia/commons/7/78/Blackberry_and_raspberry_tart%2C_September_2006.jpg,Pièce,19.00,10%,Trompe-l’œil framboise. Produit issu du catalogue fourni.
78,Pâtisserie & gâteaux,https://upload.wikimedia.org/wikipedia/commons/2/28/Birthday_Opera_Cake_%284202808948%29.jpg,Pâtisseries individuelles,https://upload.wikimedia.org/wikipedia/commons/2/28/Birthday_Opera_Cake_%284202808948%29.jpg,Praliné,https://upload.wikimedia.org/wikipedia/commons/3/34/2024-02-10_Royal_Praline_at_Restaurant_Uri_Buri_in_Acre_anagoria.jpg,,,Karma praliné,كارما بالبراليني,https://upload.wikimedia.org/wikipedia/commons/3/34/2024-02-10_Royal_Praline_at_Restaurant_Uri_Buri_in_Acre_anagoria.jpg,Pièce,24.00,10%,Karma praliné. Produit issu du catalogue fourni.
79,Pâtisserie & gâteaux,https://upload.wikimedia.org/wikipedia/commons/2/28/Birthday_Opera_Cake_%284202808948%29.jpg,Pâtisseries individuelles,https://upload.wikimedia.org/wikipedia/commons/2/28/Birthday_Opera_Cake_%284202808948%29.jpg,Chocolat,https://upload.wikimedia.org/wikipedia/commons/a/a3/Fondant-chocolat-p1040089.jpg,,,Fondant au chocolat,فوندان بالشوكولاتة,https://upload.wikimedia.org/wikipedia/commons/a/a3/Fondant-chocolat-p1040089.jpg,Pièce,17.00,10%,Fondant au chocolat. Produit issu du catalogue fourni.
80,Pâtisserie & gâteaux,https://upload.wikimedia.org/wikipedia/commons/2/28/Birthday_Opera_Cake_%284202808948%29.jpg,Pâtisseries individuelles,https://upload.wikimedia.org/wikipedia/commons/2/28/Birthday_Opera_Cake_%284202808948%29.jpg,Chocolat,https://upload.wikimedia.org/wikipedia/commons/a/a3/Fondant-chocolat-p1040089.jpg,,,Forêt-noire,الغابة السوداء,https://upload.wikimedia.org/wikipedia/commons/6/61/Black_Forest_Gateau_%287349424250%29.jpg,Pièce,20.00,10%,Forêt-noire. Produit issu du catalogue fourni.
84,Pâtisserie marocaine,https://upload.wikimedia.org/wikipedia/commons/c/c7/Cornes_de_gazelle.JPG,Biscuits marocains,https://upload.wikimedia.org/wikipedia/commons/7/7d/Ary-feqqa%C3%A7.JPG,Ghriba,https://upload.wikimedia.org/wikipedia/commons/b/bf/A_couple_of_cevizli_kurabiye.jpg,,,Ghriba bahla 500 g,غريبة البهلة 500 غ,https://upload.wikimedia.org/wikipedia/commons/b/bf/A_couple_of_cevizli_kurabiye.jpg,Barquette 500 g,50.00,10%,Ghriba bahla 500 g. Produit issu du catalogue fourni.
85,Pâtisserie marocaine,https://upload.wikimedia.org/wikipedia/commons/c/c7/Cornes_de_gazelle.JPG,Gâteaux aux amandes,https://upload.wikimedia.org/wikipedia/commons/c/c7/Cornes_de_gazelle.JPG,Briouates,https://upload.wikimedia.org/wikipedia/commons/7/72/Moroccan_food-02.jpg,,,Briouates aux amandes 250 g,بريوات باللوز 250 غ,https://upload.wikimedia.org/wikipedia/commons/7/72/Moroccan_food-02.jpg,Barquette 250 g,50.00,10%,Briouates aux amandes 250 g. Produit issu du catalogue fourni.
93,Pâtisserie & gâteaux,https://upload.wikimedia.org/wikipedia/commons/2/28/Birthday_Opera_Cake_%284202808948%29.jpg,Trompe-l’œil,https://upload.wikimedia.org/wikipedia/commons/d/d2/Desserts_at_Coquette_Patisserie%2C_Cleveland_%2812037767225%29.jpg,Mangue,https://upload.wikimedia.org/wikipedia/commons/d/d2/Desserts_at_Coquette_Patisserie%2C_Cleveland_%2812037767225%29.jpg,,,Trompe-l’œil mangue,حلوى بشكل مانجو,https://upload.wikimedia.org/wikipedia/commons/d/d2/Desserts_at_Coquette_Patisserie%2C_Cleveland_%2812037767225%29.jpg,Pièce,24.00,10%,Trompe-l’œil mangue. Produit issu du catalogue fourni.
112,Pâtisserie marocaine,https://upload.wikimedia.org/wikipedia/commons/c/c7/Cornes_de_gazelle.JPG,Biscuits marocains,https://upload.wikimedia.org/wikipedia/commons/7/7d/Ary-feqqa%C3%A7.JPG,Fekkas,https://upload.wikimedia.org/wikipedia/commons/7/7d/Ary-feqqa%C3%A7.JPG,,,Fekkas juif 200 g,فقاص يهودي 200 غ,https://upload.wikimedia.org/wikipedia/commons/7/7d/Ary-feqqa%C3%A7.JPG,Barquette 200 g,40.00,10%,Fekkas juif 200 g. Produit issu du catalogue fourni.
116,Pâtisserie marocaine,https://upload.wikimedia.org/wikipedia/commons/c/c7/Cornes_de_gazelle.JPG,Biscuits marocains,https://upload.wikimedia.org/wikipedia/commons/7/7d/Ary-feqqa%C3%A7.JPG,Fekkas,https://upload.wikimedia.org/wikipedia/commons/7/7d/Ary-feqqa%C3%A7.JPG,,,Fekkas 500 g,فقاص 500 غ,https://upload.wikimedia.org/wikipedia/commons/7/7d/Ary-feqqa%C3%A7.JPG,Barquette 500 g,60.00,10%,Fekkas 500 g. Produit issu du catalogue fourni.
138,Pâtisserie marocaine,https://upload.wikimedia.org/wikipedia/commons/c/c7/Cornes_de_gazelle.JPG,Biscuits marocains,https://upload.wikimedia.org/wikipedia/commons/7/7d/Ary-feqqa%C3%A7.JPG,Ghriba,https://upload.wikimedia.org/wikipedia/commons/b/bf/A_couple_of_cevizli_kurabiye.jpg,,,Ghriba aux noix 500 g,غريبة بالجوز 500 غ,https://upload.wikimedia.org/wikipedia/commons/b/bf/A_couple_of_cevizli_kurabiye.jpg,Barquette 500 g,120.00,10%,Ghriba aux noix 500 g. Produit issu du catalogue fourni.
139,Pâtisserie marocaine,https://upload.wikimedia.org/wikipedia/commons/c/c7/Cornes_de_gazelle.JPG,Gâteaux aux amandes,https://upload.wikimedia.org/wikipedia/commons/c/c7/Cornes_de_gazelle.JPG,Cornes de gazelle,https://upload.wikimedia.org/wikipedia/commons/c/c7/Cornes_de_gazelle.JPG,,,Cornes de gazelle 500 g,كعب الغزال 500 غ,https://upload.wikimedia.org/wikipedia/commons/c/c7/Cornes_de_gazelle.JPG,Barquette 500 g,100.00,10%,Cornes de gazelle 500 g. Produit issu du catalogue fourni.
140,Pâtisserie marocaine,https://upload.wikimedia.org/wikipedia/commons/c/c7/Cornes_de_gazelle.JPG,Gâteaux aux amandes,https://upload.wikimedia.org/wikipedia/commons/c/c7/Cornes_de_gazelle.JPG,Assortiment,https://upload.wikimedia.org/wikipedia/commons/d/d3/Coine_di_gazele1.jpg,,,Gâteaux aux amandes 500 g,حلويات باللوز 500 غ,https://upload.wikimedia.org/wikipedia/commons/d/d3/Coine_di_gazele1.jpg,Barquette 500 g,100.00,10%,Gâteaux aux amandes 500 g. Produit issu du catalogue fourni.
141,Pâtisserie marocaine,https://upload.wikimedia.org/wikipedia/commons/c/c7/Cornes_de_gazelle.JPG,Gâteaux aux amandes,https://upload.wikimedia.org/wikipedia/commons/c/c7/Cornes_de_gazelle.JPG,Mhencha,https://upload.wikimedia.org/wikipedia/commons/7/72/Moroccan_food-02.jpg,,,Mhencha pralinée,محنشة بالبراليني,https://upload.wikimedia.org/wikipedia/commons/7/72/Moroccan_food-02.jpg,Pièce,110.00,10%,Mhencha pralinée. Produit issu du catalogue fourni.
